{"cameraMode":{"drawMode":0,"name":"Shaded","section":"Shading Mode"},"sceneLighting":true,"audioPlay":false,"sceneViewState":{"m_AlwaysRefresh":false,"showFog":true,"showSkybox":true,"showFlares":true,"showImageEffects":true,"showParticleSystems":true,"showVisualEffectGraphs":true,"m_FxEnabled":true},"in2DMode":false,"pivot":{"x":13.436310768127442,"y":32.648555755615237,"z":-45.910091400146487},"rotation":{"x":0.2249288260936737,"y":-0.002104853978380561,"z":0.0012730354210361839,"w":0.9746580123901367},"size":0.7157251834869385,"orthographic":false}