{"cameraMode":{"drawMode":0,"name":"Shaded","section":"Shading Mode"},"sceneLighting":true,"audioPlay":false,"sceneViewState":{"m_AlwaysRefresh":false,"showFog":true,"showSkybox":true,"showFlares":true,"showImageEffects":true,"showParticleSystems":true,"showVisualEffectGraphs":true,"m_FxEnabled":true},"in2DMode":false,"pivot":{"x":-14.363844871520996,"y":6.276150226593018,"z":-21.052003860473634},"rotation":{"x":0.061658814549446109,"y":0.06052723154425621,"z":-0.0038521254900842907,"w":0.996397852897644},"size":0.7157251834869385,"orthographic":false}