{"cameraMode":{"drawMode":0,"name":"Shaded","section":"Shading Mode"},"sceneLighting":true,"audioPlay":false,"sceneViewState":{"m_AlwaysRefresh":false,"showFog":true,"showSkybox":true,"showFlares":true,"showImageEffects":true,"showParticleSystems":true,"showVisualEffectGraphs":true,"m_FxEnabled":true},"in2DMode":false,"pivot":{"x":13.670366287231446,"y":32.602630615234378,"z":-45.95442199707031},"rotation":{"x":0.24151235818862916,"y":0.08805782347917557,"z":-0.021174639463424684,"w":0.9664493799209595},"size":0.7157251834869385,"orthographic":false}