{"cameraMode":{"drawMode":0,"name":"Shaded","section":"Shading Mode"},"sceneLighting":true,"audioPlay":false,"sceneViewState":{"m_AlwaysRefresh":false,"showFog":true,"showSkybox":true,"showFlares":true,"showImageEffects":true,"showParticleSystems":true,"showVisualEffectGraphs":true,"m_FxEnabled":true},"in2DMode":false,"pivot":{"x":8.056046485900879,"y":5.251997470855713,"z":2.612501621246338},"rotation":{"x":-0.27425023913383486,"y":0.010375290177762509,"z":-0.0029432796873152258,"w":-0.9616599678993225},"size":13.779924392700196,"orthographic":false}