{"cameraMode":{"drawMode":0,"name":"Shaded","section":"Shading Mode"},"sceneLighting":true,"audioPlay":false,"sceneViewState":{"m_AlwaysRefresh":false,"showFog":true,"showSkybox":true,"showFlares":true,"showImageEffects":true,"showParticleSystems":true,"showVisualEffectGraphs":true,"m_FxEnabled":true},"in2DMode":false,"pivot":{"x":-21.480358123779298,"y":4.295755386352539,"z":-4.198108673095703},"rotation":{"x":-0.16891925036907197,"y":-0.03044855408370495,"z":0.005246383138000965,"w":-0.9851793050765991},"size":12.12435531616211,"orthographic":false}